timestamp,runtime,model_accuracy,precision_0,precision_1,recall_0,recall_1,change_message
2024-01-08 21:09:43.943660,0.1994359493255615,0.7254901960784313,0.5,0.8285714285714286,0.5714285714285714,0.7837837837837838,initial tracking run
2024-01-09 10:46:47.090654,0.2081599235534668,0.6862745098039216,0.4375,0.8,0.5,0.7567567567567568,"no changes, another run"
2024-01-09 10:47:07.949008,0.2071907520294189,0.7450980392156863,0.5384615384615384,0.8157894736842105,0.5,0.8378378378378378,"no changes, another run"
2024-01-09 10:48:01.530560,0.2035329341888427,0.6862745098039216,0.4285714285714285,0.7837837837837838,0.4285714285714285,0.7837837837837838,"no changes, another run"
2024-01-09 10:48:15.520992,0.2242710590362548,0.7058823529411765,0.4545454545454545,0.775,0.3571428571428571,0.8378378378378378,no changes
2024-01-09 10:48:26.574933,0.2078280448913574,0.7058823529411765,0.4545454545454545,0.775,0.3571428571428571,0.8378378378378378,no changes
2024-01-09 10:48:37.220377,0.2033162117004394,0.7058823529411765,0.4615384615384615,0.7894736842105263,0.4285714285714285,0.8108108108108109,no changes
2024-01-09 10:48:47.137019,0.214918851852417,0.7254901960784313,0.5,0.7674418604651163,0.2857142857142857,0.8918918918918919,no changes
2024-01-09 10:49:24.590253,0.20629096031188965,0.7647058823529411,0.6666666666666666,0.7777777777777778,0.2857142857142857,0.9459459459459459,no changes
